runtime, num_repetitions, vec_size, chunk_size, type_size, type_id, method_id
23735, 10, 1, 0, 4, int32, GetArray
23599, 10, 1, 0, 4, int32, GetArray
23555, 10, 1, 0, 4, int32, GetArray
23692, 10, 1, 0, 4, int32, GetArray
23375, 10, 2, 0, 4, int32, GetArray
23352, 10, 2, 0, 4, int32, GetArray
23812, 10, 2, 0, 4, int32, GetArray
23665, 10, 2, 0, 4, int32, GetArray
23683, 10, 4, 0, 4, int32, GetArray
23689, 10, 4, 0, 4, int32, GetArray
23695, 10, 4, 0, 4, int32, GetArray
23699, 10, 4, 0, 4, int32, GetArray
23533, 10, 8, 0, 4, int32, GetArray
23656, 10, 8, 0, 4, int32, GetArray
23608, 10, 8, 0, 4, int32, GetArray
23641, 10, 8, 0, 4, int32, GetArray
23687, 10, 16, 0, 4, int32, GetArray
23576, 10, 16, 0, 4, int32, GetArray
22720, 10, 16, 0, 4, int32, GetArray
23272, 10, 16, 0, 4, int32, GetArray
23939, 10, 32, 0, 4, int32, GetArray
23636, 10, 32, 0, 4, int32, GetArray
23629, 10, 32, 0, 4, int32, GetArray
23701, 10, 32, 0, 4, int32, GetArray
23639, 10, 64, 0, 4, int32, GetArray
23710, 10, 64, 0, 4, int32, GetArray
23923, 10, 64, 0, 4, int32, GetArray
23999, 10, 64, 0, 4, int32, GetArray
24058, 10, 128, 0, 4, int32, GetArray
24010, 10, 128, 0, 4, int32, GetArray
23854, 10, 128, 0, 4, int32, GetArray
23872, 10, 128, 0, 4, int32, GetArray
23970, 10, 256, 0, 4, int32, GetArray
23896, 10, 256, 0, 4, int32, GetArray
23981, 10, 256, 0, 4, int32, GetArray
23788, 10, 256, 0, 4, int32, GetArray
23977, 10, 512, 0, 4, int32, GetArray
23751, 10, 512, 0, 4, int32, GetArray
23771, 10, 512, 0, 4, int32, GetArray
23809, 10, 512, 0, 4, int32, GetArray
23916, 10, 1024, 0, 4, int32, GetArray
23904, 10, 1024, 0, 4, int32, GetArray
24041, 10, 1024, 0, 4, int32, GetArray
23840, 10, 1024, 0, 4, int32, GetArray
24349, 10, 2048, 0, 4, int32, GetArray
24010, 10, 2048, 0, 4, int32, GetArray
24046, 10, 2048, 0, 4, int32, GetArray
24038, 10, 2048, 0, 4, int32, GetArray
25021, 10, 4096, 0, 4, int32, GetArray
24797, 10, 4096, 0, 4, int32, GetArray
24872, 10, 4096, 0, 4, int32, GetArray
24786, 10, 4096, 0, 4, int32, GetArray
25586, 10, 8192, 0, 4, int32, GetArray
24024, 10, 8192, 0, 4, int32, GetArray
24373, 10, 8192, 0, 4, int32, GetArray
24418, 10, 8192, 0, 4, int32, GetArray
26277, 10, 16384, 0, 4, int32, GetArray
26222, 10, 16384, 0, 4, int32, GetArray
26104, 10, 16384, 0, 4, int32, GetArray
26177, 10, 16384, 0, 4, int32, GetArray
29448, 10, 32768, 0, 4, int32, GetArray
28502, 10, 32768, 0, 4, int32, GetArray
28547, 10, 32768, 0, 4, int32, GetArray
28510, 10, 32768, 0, 4, int32, GetArray
36361, 10, 65536, 0, 4, int32, GetArray
33346, 10, 65536, 0, 4, int32, GetArray
37152, 10, 65536, 0, 4, int32, GetArray
38368, 10, 65536, 0, 4, int32, GetArray
47416, 10, 131072, 0, 4, int32, GetArray
51533, 10, 131072, 0, 4, int32, GetArray
47473, 10, 131072, 0, 4, int32, GetArray
43742, 10, 131072, 0, 4, int32, GetArray
60840, 10, 262144, 0, 4, int32, GetArray
81427, 10, 262144, 0, 4, int32, GetArray
67795, 10, 262144, 0, 4, int32, GetArray
65563, 10, 262144, 0, 4, int32, GetArray
95714, 10, 524288, 0, 4, int32, GetArray
89112, 10, 524288, 0, 4, int32, GetArray
87575, 10, 524288, 0, 4, int32, GetArray
82119, 10, 524288, 0, 4, int32, GetArray
175894, 10, 1048576, 0, 4, int32, GetArray
182924, 10, 1048576, 0, 4, int32, GetArray
244001, 10, 1048576, 0, 4, int32, GetArray
213754, 10, 1048576, 0, 4, int32, GetArray
22636, 10, 1, 0, 4, int32, GetArrayStreaming
23614, 10, 1, 0, 4, int32, GetArrayStreaming
23562, 10, 1, 0, 4, int32, GetArrayStreaming
23639, 10, 1, 0, 4, int32, GetArrayStreaming
23722, 10, 2, 0, 4, int32, GetArrayStreaming
23674, 10, 2, 0, 4, int32, GetArrayStreaming
23668, 10, 2, 0, 4, int32, GetArrayStreaming
23768, 10, 2, 0, 4, int32, GetArrayStreaming
23901, 10, 4, 0, 4, int32, GetArrayStreaming
23899, 10, 4, 0, 4, int32, GetArrayStreaming
23887, 10, 4, 0, 4, int32, GetArrayStreaming
23847, 10, 4, 0, 4, int32, GetArrayStreaming
35069, 10, 8, 0, 4, int32, GetArrayStreaming
24353, 10, 8, 0, 4, int32, GetArrayStreaming
24056, 10, 8, 0, 4, int32, GetArrayStreaming
23135, 10, 8, 0, 4, int32, GetArrayStreaming
42525, 10, 16, 0, 4, int32, GetArrayStreaming
44422, 10, 16, 0, 4, int32, GetArrayStreaming
45554, 10, 16, 0, 4, int32, GetArrayStreaming
45362, 10, 16, 0, 4, int32, GetArrayStreaming
45853, 10, 32, 0, 4, int32, GetArrayStreaming
45515, 10, 32, 0, 4, int32, GetArrayStreaming
46026, 10, 32, 0, 4, int32, GetArrayStreaming
45975, 10, 32, 0, 4, int32, GetArrayStreaming
47072, 10, 64, 0, 4, int32, GetArrayStreaming
47027, 10, 64, 0, 4, int32, GetArrayStreaming
47249, 10, 64, 0, 4, int32, GetArrayStreaming
47013, 10, 64, 0, 4, int32, GetArrayStreaming
48835, 10, 128, 0, 4, int32, GetArrayStreaming
48808, 10, 128, 0, 4, int32, GetArrayStreaming
48302, 10, 128, 0, 4, int32, GetArrayStreaming
48472, 10, 128, 0, 4, int32, GetArrayStreaming
54360, 10, 256, 0, 4, int32, GetArrayStreaming
52863, 10, 256, 0, 4, int32, GetArrayStreaming
51074, 10, 256, 0, 4, int32, GetArrayStreaming
53368, 10, 256, 0, 4, int32, GetArrayStreaming
70203, 10, 512, 0, 4, int32, GetArrayStreaming
70749, 10, 512, 0, 4, int32, GetArrayStreaming
71457, 10, 512, 0, 4, int32, GetArrayStreaming
67269, 10, 512, 0, 4, int32, GetArrayStreaming
103290, 10, 1024, 0, 4, int32, GetArrayStreaming
84229, 10, 1024, 0, 4, int32, GetArrayStreaming
103054, 10, 1024, 0, 4, int32, GetArrayStreaming
99231, 10, 1024, 0, 4, int32, GetArrayStreaming
136259, 10, 2048, 0, 4, int32, GetArrayStreaming
136916, 10, 2048, 0, 4, int32, GetArrayStreaming
125881, 10, 2048, 0, 4, int32, GetArrayStreaming
124023, 10, 2048, 0, 4, int32, GetArrayStreaming
22763, 10, 1, 524288, 4, int32, GetArrayChunked
23243, 10, 1, 524288, 4, int32, GetArrayChunked
23653, 10, 1, 524288, 4, int32, GetArrayChunked
23669, 10, 1, 524288, 4, int32, GetArrayChunked
23752, 10, 2, 524288, 4, int32, GetArrayChunked
23672, 10, 2, 524288, 4, int32, GetArrayChunked
23142, 10, 2, 524288, 4, int32, GetArrayChunked
23730, 10, 2, 524288, 4, int32, GetArrayChunked
23825, 10, 4, 524288, 4, int32, GetArrayChunked
23670, 10, 4, 524288, 4, int32, GetArrayChunked
23716, 10, 4, 524288, 4, int32, GetArrayChunked
23703, 10, 4, 524288, 4, int32, GetArrayChunked
23933, 10, 8, 524288, 4, int32, GetArrayChunked
23794, 10, 8, 524288, 4, int32, GetArrayChunked
23811, 10, 8, 524288, 4, int32, GetArrayChunked
24216, 10, 8, 524288, 4, int32, GetArrayChunked
23669, 10, 16, 524288, 4, int32, GetArrayChunked
23773, 10, 16, 524288, 4, int32, GetArrayChunked
23790, 10, 16, 524288, 4, int32, GetArrayChunked
23664, 10, 16, 524288, 4, int32, GetArrayChunked
23786, 10, 32, 524288, 4, int32, GetArrayChunked
23860, 10, 32, 524288, 4, int32, GetArrayChunked
23374, 10, 32, 524288, 4, int32, GetArrayChunked
23321, 10, 32, 524288, 4, int32, GetArrayChunked
23434, 10, 64, 524288, 4, int32, GetArrayChunked
23476, 10, 64, 524288, 4, int32, GetArrayChunked
23585, 10, 64, 524288, 4, int32, GetArrayChunked
23523, 10, 64, 524288, 4, int32, GetArrayChunked
23645, 10, 128, 524288, 4, int32, GetArrayChunked
23619, 10, 128, 524288, 4, int32, GetArrayChunked
23694, 10, 128, 524288, 4, int32, GetArrayChunked
23795, 10, 128, 524288, 4, int32, GetArrayChunked
23749, 10, 256, 524288, 4, int32, GetArrayChunked
23859, 10, 256, 524288, 4, int32, GetArrayChunked
23778, 10, 256, 524288, 4, int32, GetArrayChunked
23779, 10, 256, 524288, 4, int32, GetArrayChunked
23817, 10, 512, 524288, 4, int32, GetArrayChunked
23697, 10, 512, 524288, 4, int32, GetArrayChunked
23856, 10, 512, 524288, 4, int32, GetArrayChunked
23689, 10, 512, 524288, 4, int32, GetArrayChunked
24126, 10, 1024, 524288, 4, int32, GetArrayChunked
23794, 10, 1024, 524288, 4, int32, GetArrayChunked
24022, 10, 1024, 524288, 4, int32, GetArrayChunked
23873, 10, 1024, 524288, 4, int32, GetArrayChunked
24077, 10, 2048, 524288, 4, int32, GetArrayChunked
24215, 10, 2048, 524288, 4, int32, GetArrayChunked
23915, 10, 2048, 524288, 4, int32, GetArrayChunked
24027, 10, 2048, 524288, 4, int32, GetArrayChunked
24567, 10, 4096, 524288, 4, int32, GetArrayChunked
24234, 10, 4096, 524288, 4, int32, GetArrayChunked
24354, 10, 4096, 524288, 4, int32, GetArrayChunked
24233, 10, 4096, 524288, 4, int32, GetArrayChunked
25269, 10, 8192, 524288, 4, int32, GetArrayChunked
24167, 10, 8192, 524288, 4, int32, GetArrayChunked
24104, 10, 8192, 524288, 4, int32, GetArrayChunked
24066, 10, 8192, 524288, 4, int32, GetArrayChunked
25647, 10, 16384, 524288, 4, int32, GetArrayChunked
24991, 10, 16384, 524288, 4, int32, GetArrayChunked
25107, 10, 16384, 524288, 4, int32, GetArrayChunked
25409, 10, 16384, 524288, 4, int32, GetArrayChunked
28650, 10, 32768, 524288, 4, int32, GetArrayChunked
27481, 10, 32768, 524288, 4, int32, GetArrayChunked
29540, 10, 32768, 524288, 4, int32, GetArrayChunked
28574, 10, 32768, 524288, 4, int32, GetArrayChunked
36605, 10, 65536, 524288, 4, int32, GetArrayChunked
34695, 10, 65536, 524288, 4, int32, GetArrayChunked
34867, 10, 65536, 524288, 4, int32, GetArrayChunked
33626, 10, 65536, 524288, 4, int32, GetArrayChunked
44422, 10, 131072, 524288, 4, int32, GetArrayChunked
39326, 10, 131072, 524288, 4, int32, GetArrayChunked
39344, 10, 131072, 524288, 4, int32, GetArrayChunked
42429, 10, 131072, 524288, 4, int32, GetArrayChunked
74589, 10, 262144, 524288, 4, int32, GetArrayChunked
56072, 10, 262144, 524288, 4, int32, GetArrayChunked
60085, 10, 262144, 524288, 4, int32, GetArrayChunked
62720, 10, 262144, 524288, 4, int32, GetArrayChunked
92460, 10, 524288, 524288, 4, int32, GetArrayChunked
79495, 10, 524288, 524288, 4, int32, GetArrayChunked
75150, 10, 524288, 524288, 4, int32, GetArrayChunked
75140, 10, 524288, 524288, 4, int32, GetArrayChunked
165405, 10, 1048576, 524288, 4, int32, GetArrayChunked
96059, 10, 1048576, 524288, 4, int32, GetArrayChunked
163580, 10, 1048576, 524288, 4, int32, GetArrayChunked
147633, 10, 1048576, 524288, 4, int32, GetArrayChunked
167537, 10, 2097152, 524288, 4, int32, GetArrayChunked
174890, 10, 2097152, 524288, 4, int32, GetArrayChunked
211251, 10, 2097152, 524288, 4, int32, GetArrayChunked
203715, 10, 2097152, 524288, 4, int32, GetArrayChunked
22990, 10, 1, 524288, 4, int32, GetArrayBinaryChunked
23350, 10, 1, 524288, 4, int32, GetArrayBinaryChunked
23314, 10, 1, 524288, 4, int32, GetArrayBinaryChunked
23758, 10, 1, 524288, 4, int32, GetArrayBinaryChunked
23744, 10, 2, 524288, 4, int32, GetArrayBinaryChunked
23754, 10, 2, 524288, 4, int32, GetArrayBinaryChunked
23702, 10, 2, 524288, 4, int32, GetArrayBinaryChunked
23681, 10, 2, 524288, 4, int32, GetArrayBinaryChunked
23651, 10, 4, 524288, 4, int32, GetArrayBinaryChunked
23547, 10, 4, 524288, 4, int32, GetArrayBinaryChunked
23517, 10, 4, 524288, 4, int32, GetArrayBinaryChunked
23530, 10, 4, 524288, 4, int32, GetArrayBinaryChunked
23745, 10, 8, 524288, 4, int32, GetArrayBinaryChunked
23644, 10, 8, 524288, 4, int32, GetArrayBinaryChunked
23735, 10, 8, 524288, 4, int32, GetArrayBinaryChunked
23801, 10, 8, 524288, 4, int32, GetArrayBinaryChunked
23806, 10, 16, 524288, 4, int32, GetArrayBinaryChunked
23650, 10, 16, 524288, 4, int32, GetArrayBinaryChunked
23750, 10, 16, 524288, 4, int32, GetArrayBinaryChunked
23676, 10, 16, 524288, 4, int32, GetArrayBinaryChunked
23826, 10, 32, 524288, 4, int32, GetArrayBinaryChunked
23791, 10, 32, 524288, 4, int32, GetArrayBinaryChunked
23799, 10, 32, 524288, 4, int32, GetArrayBinaryChunked
23789, 10, 32, 524288, 4, int32, GetArrayBinaryChunked
23792, 10, 64, 524288, 4, int32, GetArrayBinaryChunked
23680, 10, 64, 524288, 4, int32, GetArrayBinaryChunked
23734, 10, 64, 524288, 4, int32, GetArrayBinaryChunked
23833, 10, 64, 524288, 4, int32, GetArrayBinaryChunked
23591, 10, 128, 524288, 4, int32, GetArrayBinaryChunked
23419, 10, 128, 524288, 4, int32, GetArrayBinaryChunked
23429, 10, 128, 524288, 4, int32, GetArrayBinaryChunked
36095, 10, 128, 524288, 4, int32, GetArrayBinaryChunked
23880, 10, 256, 524288, 4, int32, GetArrayBinaryChunked
23904, 10, 256, 524288, 4, int32, GetArrayBinaryChunked
23913, 10, 256, 524288, 4, int32, GetArrayBinaryChunked
23805, 10, 256, 524288, 4, int32, GetArrayBinaryChunked
23570, 10, 512, 524288, 4, int32, GetArrayBinaryChunked
24027, 10, 512, 524288, 4, int32, GetArrayBinaryChunked
23510, 10, 512, 524288, 4, int32, GetArrayBinaryChunked
23497, 10, 512, 524288, 4, int32, GetArrayBinaryChunked
23666, 10, 1024, 524288, 4, int32, GetArrayBinaryChunked
23546, 10, 1024, 524288, 4, int32, GetArrayBinaryChunked
23513, 10, 1024, 524288, 4, int32, GetArrayBinaryChunked
23528, 10, 1024, 524288, 4, int32, GetArrayBinaryChunked
23671, 10, 2048, 524288, 4, int32, GetArrayBinaryChunked
24098, 10, 2048, 524288, 4, int32, GetArrayBinaryChunked
23851, 10, 2048, 524288, 4, int32, GetArrayBinaryChunked
23855, 10, 2048, 524288, 4, int32, GetArrayBinaryChunked
24168, 10, 4096, 524288, 4, int32, GetArrayBinaryChunked
23703, 10, 4096, 524288, 4, int32, GetArrayBinaryChunked
24019, 10, 4096, 524288, 4, int32, GetArrayBinaryChunked
24020, 10, 4096, 524288, 4, int32, GetArrayBinaryChunked
24585, 10, 8192, 524288, 4, int32, GetArrayBinaryChunked
24199, 10, 8192, 524288, 4, int32, GetArrayBinaryChunked
24313, 10, 8192, 524288, 4, int32, GetArrayBinaryChunked
24061, 10, 8192, 524288, 4, int32, GetArrayBinaryChunked
25149, 10, 16384, 524288, 4, int32, GetArrayBinaryChunked
24645, 10, 16384, 524288, 4, int32, GetArrayBinaryChunked
24461, 10, 16384, 524288, 4, int32, GetArrayBinaryChunked
24614, 10, 16384, 524288, 4, int32, GetArrayBinaryChunked
26263, 10, 32768, 524288, 4, int32, GetArrayBinaryChunked
25484, 10, 32768, 524288, 4, int32, GetArrayBinaryChunked
25253, 10, 32768, 524288, 4, int32, GetArrayBinaryChunked
24787, 10, 32768, 524288, 4, int32, GetArrayBinaryChunked
28058, 10, 65536, 524288, 4, int32, GetArrayBinaryChunked
26294, 10, 65536, 524288, 4, int32, GetArrayBinaryChunked
25992, 10, 65536, 524288, 4, int32, GetArrayBinaryChunked
26063, 10, 65536, 524288, 4, int32, GetArrayBinaryChunked
47812, 10, 131072, 524288, 4, int32, GetArrayBinaryChunked
48049, 10, 131072, 524288, 4, int32, GetArrayBinaryChunked
48845, 10, 131072, 524288, 4, int32, GetArrayBinaryChunked
47429, 10, 131072, 524288, 4, int32, GetArrayBinaryChunked
63184, 10, 262144, 524288, 4, int32, GetArrayBinaryChunked
56467, 10, 262144, 524288, 4, int32, GetArrayBinaryChunked
56294, 10, 262144, 524288, 4, int32, GetArrayBinaryChunked
56222, 10, 262144, 524288, 4, int32, GetArrayBinaryChunked
102559, 10, 524288, 524288, 4, int32, GetArrayBinaryChunked
65729, 10, 524288, 524288, 4, int32, GetArrayBinaryChunked
63221, 10, 524288, 524288, 4, int32, GetArrayBinaryChunked
65465, 10, 524288, 524288, 4, int32, GetArrayBinaryChunked
138733, 10, 1048576, 524288, 4, int32, GetArrayBinaryChunked
143098, 10, 1048576, 524288, 4, int32, GetArrayBinaryChunked
111601, 10, 1048576, 524288, 4, int32, GetArrayBinaryChunked
95289, 10, 1048576, 524288, 4, int32, GetArrayBinaryChunked
139473, 10, 2097152, 524288, 4, int32, GetArrayBinaryChunked
150168, 10, 2097152, 524288, 4, int32, GetArrayBinaryChunked
130204, 10, 2097152, 524288, 4, int32, GetArrayBinaryChunked
171211, 10, 2097152, 524288, 4, int32, GetArrayBinaryChunked
23222, 10, 1, 0, 8, int64, GetArray
23270, 10, 1, 0, 8, int64, GetArray
23813, 10, 1, 0, 8, int64, GetArray
23445, 10, 1, 0, 8, int64, GetArray
23863, 10, 2, 0, 8, int64, GetArray
23797, 10, 2, 0, 8, int64, GetArray
23982, 10, 2, 0, 8, int64, GetArray
23694, 10, 2, 0, 8, int64, GetArray
23705, 10, 4, 0, 8, int64, GetArray
23690, 10, 4, 0, 8, int64, GetArray
23719, 10, 4, 0, 8, int64, GetArray
23881, 10, 4, 0, 8, int64, GetArray
23729, 10, 8, 0, 8, int64, GetArray
23364, 10, 8, 0, 8, int64, GetArray
23406, 10, 8, 0, 8, int64, GetArray
23340, 10, 8, 0, 8, int64, GetArray
23573, 10, 16, 0, 8, int64, GetArray
23572, 10, 16, 0, 8, int64, GetArray
23597, 10, 16, 0, 8, int64, GetArray
23563, 10, 16, 0, 8, int64, GetArray
23603, 10, 32, 0, 8, int64, GetArray
23995, 10, 32, 0, 8, int64, GetArray
24009, 10, 32, 0, 8, int64, GetArray
23803, 10, 32, 0, 8, int64, GetArray
23981, 10, 64, 0, 8, int64, GetArray
23983, 10, 64, 0, 8, int64, GetArray
23744, 10, 64, 0, 8, int64, GetArray
23994, 10, 64, 0, 8, int64, GetArray
23936, 10, 128, 0, 8, int64, GetArray
23256, 10, 128, 0, 8, int64, GetArray
23722, 10, 128, 0, 8, int64, GetArray
23739, 10, 128, 0, 8, int64, GetArray
24029, 10, 256, 0, 8, int64, GetArray
23848, 10, 256, 0, 8, int64, GetArray
23970, 10, 256, 0, 8, int64, GetArray
23851, 10, 256, 0, 8, int64, GetArray
23978, 10, 512, 0, 8, int64, GetArray
24011, 10, 512, 0, 8, int64, GetArray
23964, 10, 512, 0, 8, int64, GetArray
23981, 10, 512, 0, 8, int64, GetArray
24066, 10, 1024, 0, 8, int64, GetArray
24089, 10, 1024, 0, 8, int64, GetArray
23941, 10, 1024, 0, 8, int64, GetArray
23959, 10, 1024, 0, 8, int64, GetArray
24065, 10, 2048, 0, 8, int64, GetArray
24574, 10, 2048, 0, 8, int64, GetArray
24375, 10, 2048, 0, 8, int64, GetArray
24287, 10, 2048, 0, 8, int64, GetArray
24800, 10, 4096, 0, 8, int64, GetArray
24607, 10, 4096, 0, 8, int64, GetArray
24654, 10, 4096, 0, 8, int64, GetArray
24666, 10, 4096, 0, 8, int64, GetArray
25915, 10, 8192, 0, 8, int64, GetArray
25490, 10, 8192, 0, 8, int64, GetArray
25708, 10, 8192, 0, 8, int64, GetArray
25445, 10, 8192, 0, 8, int64, GetArray
27496, 10, 16384, 0, 8, int64, GetArray
27024, 10, 16384, 0, 8, int64, GetArray
26654, 10, 16384, 0, 8, int64, GetArray
26715, 10, 16384, 0, 8, int64, GetArray
30260, 10, 32768, 0, 8, int64, GetArray
43173, 10, 32768, 0, 8, int64, GetArray
29485, 10, 32768, 0, 8, int64, GetArray
29310, 10, 32768, 0, 8, int64, GetArray
40041, 10, 65536, 0, 8, int64, GetArray
37258, 10, 65536, 0, 8, int64, GetArray
37703, 10, 65536, 0, 8, int64, GetArray
37682, 10, 65536, 0, 8, int64, GetArray
54475, 10, 131072, 0, 8, int64, GetArray
51665, 10, 131072, 0, 8, int64, GetArray
62786, 10, 131072, 0, 8, int64, GetArray
49830, 10, 131072, 0, 8, int64, GetArray
69380, 10, 262144, 0, 8, int64, GetArray
59826, 10, 262144, 0, 8, int64, GetArray
60259, 10, 262144, 0, 8, int64, GetArray
60110, 10, 262144, 0, 8, int64, GetArray
106500, 10, 524288, 0, 8, int64, GetArray
115357, 10, 524288, 0, 8, int64, GetArray
128094, 10, 524288, 0, 8, int64, GetArray
107723, 10, 524288, 0, 8, int64, GetArray
23296, 10, 1, 0, 8, int64, GetArrayStreaming
23361, 10, 1, 0, 8, int64, GetArrayStreaming
23375, 10, 1, 0, 8, int64, GetArrayStreaming
23309, 10, 1, 0, 8, int64, GetArrayStreaming
23301, 10, 2, 0, 8, int64, GetArrayStreaming
23356, 10, 2, 0, 8, int64, GetArrayStreaming
23294, 10, 2, 0, 8, int64, GetArrayStreaming
23253, 10, 2, 0, 8, int64, GetArrayStreaming
23538, 10, 4, 0, 8, int64, GetArrayStreaming
23493, 10, 4, 0, 8, int64, GetArrayStreaming
23406, 10, 4, 0, 8, int64, GetArrayStreaming
23935, 10, 4, 0, 8, int64, GetArrayStreaming
24333, 10, 8, 0, 8, int64, GetArrayStreaming
24352, 10, 8, 0, 8, int64, GetArrayStreaming
24330, 10, 8, 0, 8, int64, GetArrayStreaming
24401, 10, 8, 0, 8, int64, GetArrayStreaming
25471, 10, 16, 0, 8, int64, GetArrayStreaming
25357, 10, 16, 0, 8, int64, GetArrayStreaming
25465, 10, 16, 0, 8, int64, GetArrayStreaming
25406, 10, 16, 0, 8, int64, GetArrayStreaming
27363, 10, 32, 0, 8, int64, GetArrayStreaming
27238, 10, 32, 0, 8, int64, GetArrayStreaming
27068, 10, 32, 0, 8, int64, GetArrayStreaming
26886, 10, 32, 0, 8, int64, GetArrayStreaming
44788, 10, 64, 0, 8, int64, GetArrayStreaming
45173, 10, 64, 0, 8, int64, GetArrayStreaming
45097, 10, 64, 0, 8, int64, GetArrayStreaming
45096, 10, 64, 0, 8, int64, GetArrayStreaming
47976, 10, 128, 0, 8, int64, GetArrayStreaming
48175, 10, 128, 0, 8, int64, GetArrayStreaming
47785, 10, 128, 0, 8, int64, GetArrayStreaming
47950, 10, 128, 0, 8, int64, GetArrayStreaming
56998, 10, 256, 0, 8, int64, GetArrayStreaming
55919, 10, 256, 0, 8, int64, GetArrayStreaming
52885, 10, 256, 0, 8, int64, GetArrayStreaming
55174, 10, 256, 0, 8, int64, GetArrayStreaming
67369, 10, 512, 0, 8, int64, GetArrayStreaming
73073, 10, 512, 0, 8, int64, GetArrayStreaming
70709, 10, 512, 0, 8, int64, GetArrayStreaming
67696, 10, 512, 0, 8, int64, GetArrayStreaming
99546, 10, 1024, 0, 8, int64, GetArrayStreaming
94630, 10, 1024, 0, 8, int64, GetArrayStreaming
81779, 10, 1024, 0, 8, int64, GetArrayStreaming
78073, 10, 1024, 0, 8, int64, GetArrayStreaming
131900, 10, 2048, 0, 8, int64, GetArrayStreaming
107135, 10, 2048, 0, 8, int64, GetArrayStreaming
104769, 10, 2048, 0, 8, int64, GetArrayStreaming
117971, 10, 2048, 0, 8, int64, GetArrayStreaming
22342, 10, 1, 524288, 8, int64, GetArrayChunked
23412, 10, 1, 524288, 8, int64, GetArrayChunked
23272, 10, 1, 524288, 8, int64, GetArrayChunked
23328, 10, 1, 524288, 8, int64, GetArrayChunked
23302, 10, 2, 524288, 8, int64, GetArrayChunked
23509, 10, 2, 524288, 8, int64, GetArrayChunked
23446, 10, 2, 524288, 8, int64, GetArrayChunked
23279, 10, 2, 524288, 8, int64, GetArrayChunked
23382, 10, 4, 524288, 8, int64, GetArrayChunked
23670, 10, 4, 524288, 8, int64, GetArrayChunked
23668, 10, 4, 524288, 8, int64, GetArrayChunked
23678, 10, 4, 524288, 8, int64, GetArrayChunked
23642, 10, 8, 524288, 8, int64, GetArrayChunked
23805, 10, 8, 524288, 8, int64, GetArrayChunked
23725, 10, 8, 524288, 8, int64, GetArrayChunked
23719, 10, 8, 524288, 8, int64, GetArrayChunked
23713, 10, 16, 524288, 8, int64, GetArrayChunked
23774, 10, 16, 524288, 8, int64, GetArrayChunked
23711, 10, 16, 524288, 8, int64, GetArrayChunked
23719, 10, 16, 524288, 8, int64, GetArrayChunked
23766, 10, 32, 524288, 8, int64, GetArrayChunked
23724, 10, 32, 524288, 8, int64, GetArrayChunked
23333, 10, 32, 524288, 8, int64, GetArrayChunked
23418, 10, 32, 524288, 8, int64, GetArrayChunked
23668, 10, 64, 524288, 8, int64, GetArrayChunked
23621, 10, 64, 524288, 8, int64, GetArrayChunked
23672, 10, 64, 524288, 8, int64, GetArrayChunked
23666, 10, 64, 524288, 8, int64, GetArrayChunked
23666, 10, 128, 524288, 8, int64, GetArrayChunked
23652, 10, 128, 524288, 8, int64, GetArrayChunked
23646, 10, 128, 524288, 8, int64, GetArrayChunked
23657, 10, 128, 524288, 8, int64, GetArrayChunked
23734, 10, 256, 524288, 8, int64, GetArrayChunked
23912, 10, 256, 524288, 8, int64, GetArrayChunked
23926, 10, 256, 524288, 8, int64, GetArrayChunked
23894, 10, 256, 524288, 8, int64, GetArrayChunked
23983, 10, 512, 524288, 8, int64, GetArrayChunked
24208, 10, 512, 524288, 8, int64, GetArrayChunked
23906, 10, 512, 524288, 8, int64, GetArrayChunked
23777, 10, 512, 524288, 8, int64, GetArrayChunked
23862, 10, 1024, 524288, 8, int64, GetArrayChunked
23863, 10, 1024, 524288, 8, int64, GetArrayChunked
24043, 10, 1024, 524288, 8, int64, GetArrayChunked
23995, 10, 1024, 524288, 8, int64, GetArrayChunked
24343, 10, 2048, 524288, 8, int64, GetArrayChunked
24278, 10, 2048, 524288, 8, int64, GetArrayChunked
24309, 10, 2048, 524288, 8, int64, GetArrayChunked
24114, 10, 2048, 524288, 8, int64, GetArrayChunked
25089, 10, 4096, 524288, 8, int64, GetArrayChunked
24819, 10, 4096, 524288, 8, int64, GetArrayChunked
24805, 10, 4096, 524288, 8, int64, GetArrayChunked
24767, 10, 4096, 524288, 8, int64, GetArrayChunked
25936, 10, 8192, 524288, 8, int64, GetArrayChunked
25254, 10, 8192, 524288, 8, int64, GetArrayChunked
25259, 10, 8192, 524288, 8, int64, GetArrayChunked
25065, 10, 8192, 524288, 8, int64, GetArrayChunked
28584, 10, 16384, 524288, 8, int64, GetArrayChunked
27153, 10, 16384, 524288, 8, int64, GetArrayChunked
26955, 10, 16384, 524288, 8, int64, GetArrayChunked
27005, 10, 16384, 524288, 8, int64, GetArrayChunked
31872, 10, 32768, 524288, 8, int64, GetArrayChunked
30728, 10, 32768, 524288, 8, int64, GetArrayChunked
30615, 10, 32768, 524288, 8, int64, GetArrayChunked
29937, 10, 32768, 524288, 8, int64, GetArrayChunked
38159, 10, 65536, 524288, 8, int64, GetArrayChunked
34191, 10, 65536, 524288, 8, int64, GetArrayChunked
34396, 10, 65536, 524288, 8, int64, GetArrayChunked
35159, 10, 65536, 524288, 8, int64, GetArrayChunked
51846, 10, 131072, 524288, 8, int64, GetArrayChunked
46227, 10, 131072, 524288, 8, int64, GetArrayChunked
45816, 10, 131072, 524288, 8, int64, GetArrayChunked
49479, 10, 131072, 524288, 8, int64, GetArrayChunked
74890, 10, 262144, 524288, 8, int64, GetArrayChunked
63490, 10, 262144, 524288, 8, int64, GetArrayChunked
77414, 10, 262144, 524288, 8, int64, GetArrayChunked
69395, 10, 262144, 524288, 8, int64, GetArrayChunked
119088, 10, 524288, 524288, 8, int64, GetArrayChunked
87437, 10, 524288, 524288, 8, int64, GetArrayChunked
86581, 10, 524288, 524288, 8, int64, GetArrayChunked
85278, 10, 524288, 524288, 8, int64, GetArrayChunked
176789, 10, 1048576, 524288, 8, int64, GetArrayChunked
199790, 10, 1048576, 524288, 8, int64, GetArrayChunked
196116, 10, 1048576, 524288, 8, int64, GetArrayChunked
171726, 10, 1048576, 524288, 8, int64, GetArrayChunked
22059, 10, 1, 524288, 8, int64, GetArrayBinaryChunked
23606, 10, 1, 524288, 8, int64, GetArrayBinaryChunked
23642, 10, 1, 524288, 8, int64, GetArrayBinaryChunked
23848, 10, 1, 524288, 8, int64, GetArrayBinaryChunked
23753, 10, 2, 524288, 8, int64, GetArrayBinaryChunked
23612, 10, 2, 524288, 8, int64, GetArrayBinaryChunked
23526, 10, 2, 524288, 8, int64, GetArrayBinaryChunked
23788, 10, 2, 524288, 8, int64, GetArrayBinaryChunked
23720, 10, 4, 524288, 8, int64, GetArrayBinaryChunked
23278, 10, 4, 524288, 8, int64, GetArrayBinaryChunked
23319, 10, 4, 524288, 8, int64, GetArrayBinaryChunked
23266, 10, 4, 524288, 8, int64, GetArrayBinaryChunked
23229, 10, 8, 524288, 8, int64, GetArrayBinaryChunked
23092, 10, 8, 524288, 8, int64, GetArrayBinaryChunked
23174, 10, 8, 524288, 8, int64, GetArrayBinaryChunked
23677, 10, 8, 524288, 8, int64, GetArrayBinaryChunked
23685, 10, 16, 524288, 8, int64, GetArrayBinaryChunked
23581, 10, 16, 524288, 8, int64, GetArrayBinaryChunked
23508, 10, 16, 524288, 8, int64, GetArrayBinaryChunked
23641, 10, 16, 524288, 8, int64, GetArrayBinaryChunked
23373, 10, 32, 524288, 8, int64, GetArrayBinaryChunked
23452, 10, 32, 524288, 8, int64, GetArrayBinaryChunked
23403, 10, 32, 524288, 8, int64, GetArrayBinaryChunked
23474, 10, 32, 524288, 8, int64, GetArrayBinaryChunked
23894, 10, 64, 524288, 8, int64, GetArrayBinaryChunked
23964, 10, 64, 524288, 8, int64, GetArrayBinaryChunked
23579, 10, 64, 524288, 8, int64, GetArrayBinaryChunked
23649, 10, 64, 524288, 8, int64, GetArrayBinaryChunked
23952, 10, 128, 524288, 8, int64, GetArrayBinaryChunked
23923, 10, 128, 524288, 8, int64, GetArrayBinaryChunked
23861, 10, 128, 524288, 8, int64, GetArrayBinaryChunked
23780, 10, 128, 524288, 8, int64, GetArrayBinaryChunked
23932, 10, 256, 524288, 8, int64, GetArrayBinaryChunked
23875, 10, 256, 524288, 8, int64, GetArrayBinaryChunked
23927, 10, 256, 524288, 8, int64, GetArrayBinaryChunked
23907, 10, 256, 524288, 8, int64, GetArrayBinaryChunked
23901, 10, 512, 524288, 8, int64, GetArrayBinaryChunked
23821, 10, 512, 524288, 8, int64, GetArrayBinaryChunked
23736, 10, 512, 524288, 8, int64, GetArrayBinaryChunked
23753, 10, 512, 524288, 8, int64, GetArrayBinaryChunked
24026, 10, 1024, 524288, 8, int64, GetArrayBinaryChunked
23923, 10, 1024, 524288, 8, int64, GetArrayBinaryChunked
23666, 10, 1024, 524288, 8, int64, GetArrayBinaryChunked
24025, 10, 1024, 524288, 8, int64, GetArrayBinaryChunked
24335, 10, 2048, 524288, 8, int64, GetArrayBinaryChunked
23937, 10, 2048, 524288, 8, int64, GetArrayBinaryChunked
23788, 10, 2048, 524288, 8, int64, GetArrayBinaryChunked
23760, 10, 2048, 524288, 8, int64, GetArrayBinaryChunked
24018, 10, 4096, 524288, 8, int64, GetArrayBinaryChunked
23654, 10, 4096, 524288, 8, int64, GetArrayBinaryChunked
23787, 10, 4096, 524288, 8, int64, GetArrayBinaryChunked
23790, 10, 4096, 524288, 8, int64, GetArrayBinaryChunked
24787, 10, 8192, 524288, 8, int64, GetArrayBinaryChunked
24056, 10, 8192, 524288, 8, int64, GetArrayBinaryChunked
23972, 10, 8192, 524288, 8, int64, GetArrayBinaryChunked
23836, 10, 8192, 524288, 8, int64, GetArrayBinaryChunked
25406, 10, 16384, 524288, 8, int64, GetArrayBinaryChunked
24229, 10, 16384, 524288, 8, int64, GetArrayBinaryChunked
24211, 10, 16384, 524288, 8, int64, GetArrayBinaryChunked
24313, 10, 16384, 524288, 8, int64, GetArrayBinaryChunked
29681, 10, 32768, 524288, 8, int64, GetArrayBinaryChunked
26064, 10, 32768, 524288, 8, int64, GetArrayBinaryChunked
26224, 10, 32768, 524288, 8, int64, GetArrayBinaryChunked
26005, 10, 32768, 524288, 8, int64, GetArrayBinaryChunked
32667, 10, 65536, 524288, 8, int64, GetArrayBinaryChunked
28505, 10, 65536, 524288, 8, int64, GetArrayBinaryChunked
28323, 10, 65536, 524288, 8, int64, GetArrayBinaryChunked
28543, 10, 65536, 524288, 8, int64, GetArrayBinaryChunked
43894, 10, 131072, 524288, 8, int64, GetArrayBinaryChunked
36662, 10, 131072, 524288, 8, int64, GetArrayBinaryChunked
35571, 10, 131072, 524288, 8, int64, GetArrayBinaryChunked
37528, 10, 131072, 524288, 8, int64, GetArrayBinaryChunked
73699, 10, 262144, 524288, 8, int64, GetArrayBinaryChunked
62018, 10, 262144, 524288, 8, int64, GetArrayBinaryChunked
59708, 10, 262144, 524288, 8, int64, GetArrayBinaryChunked
64945, 10, 262144, 524288, 8, int64, GetArrayBinaryChunked
137099, 10, 524288, 524288, 8, int64, GetArrayBinaryChunked
96649, 10, 524288, 524288, 8, int64, GetArrayBinaryChunked
102529, 10, 524288, 524288, 8, int64, GetArrayBinaryChunked
98423, 10, 524288, 524288, 8, int64, GetArrayBinaryChunked
203697, 10, 1048576, 524288, 8, int64, GetArrayBinaryChunked
194002, 10, 1048576, 524288, 8, int64, GetArrayBinaryChunked
204884, 10, 1048576, 524288, 8, int64, GetArrayBinaryChunked
178522, 10, 1048576, 524288, 8, int64, GetArrayBinaryChunked
22920, 10, 1, 0, 4, sfixed32, GetArray
23330, 10, 1, 0, 4, sfixed32, GetArray
23346, 10, 1, 0, 4, sfixed32, GetArray
23403, 10, 1, 0, 4, sfixed32, GetArray
23258, 10, 2, 0, 4, sfixed32, GetArray
23272, 10, 2, 0, 4, sfixed32, GetArray
23650, 10, 2, 0, 4, sfixed32, GetArray
23625, 10, 2, 0, 4, sfixed32, GetArray
23645, 10, 4, 0, 4, sfixed32, GetArray
23596, 10, 4, 0, 4, sfixed32, GetArray
23571, 10, 4, 0, 4, sfixed32, GetArray
23720, 10, 4, 0, 4, sfixed32, GetArray
23543, 10, 8, 0, 4, sfixed32, GetArray
23684, 10, 8, 0, 4, sfixed32, GetArray
23614, 10, 8, 0, 4, sfixed32, GetArray
23544, 10, 8, 0, 4, sfixed32, GetArray
23651, 10, 16, 0, 4, sfixed32, GetArray
23673, 10, 16, 0, 4, sfixed32, GetArray
23602, 10, 16, 0, 4, sfixed32, GetArray
23948, 10, 16, 0, 4, sfixed32, GetArray
23845, 10, 32, 0, 4, sfixed32, GetArray
23800, 10, 32, 0, 4, sfixed32, GetArray
24021, 10, 32, 0, 4, sfixed32, GetArray
23927, 10, 32, 0, 4, sfixed32, GetArray
23904, 10, 64, 0, 4, sfixed32, GetArray
23998, 10, 64, 0, 4, sfixed32, GetArray
23816, 10, 64, 0, 4, sfixed32, GetArray
23835, 10, 64, 0, 4, sfixed32, GetArray
23639, 10, 128, 0, 4, sfixed32, GetArray
23577, 10, 128, 0, 4, sfixed32, GetArray
23522, 10, 128, 0, 4, sfixed32, GetArray
23618, 10, 128, 0, 4, sfixed32, GetArray
23635, 10, 256, 0, 4, sfixed32, GetArray
23599, 10, 256, 0, 4, sfixed32, GetArray
23693, 10, 256, 0, 4, sfixed32, GetArray
23828, 10, 256, 0, 4, sfixed32, GetArray
23784, 10, 512, 0, 4, sfixed32, GetArray
23639, 10, 512, 0, 4, sfixed32, GetArray
23598, 10, 512, 0, 4, sfixed32, GetArray
23536, 10, 512, 0, 4, sfixed32, GetArray
23522, 10, 1024, 0, 4, sfixed32, GetArray
23564, 10, 1024, 0, 4, sfixed32, GetArray
23584, 10, 1024, 0, 4, sfixed32, GetArray
23670, 10, 1024, 0, 4, sfixed32, GetArray
23625, 10, 2048, 0, 4, sfixed32, GetArray
24022, 10, 2048, 0, 4, sfixed32, GetArray
24012, 10, 2048, 0, 4, sfixed32, GetArray
23983, 10, 2048, 0, 4, sfixed32, GetArray
24252, 10, 4096, 0, 4, sfixed32, GetArray
24100, 10, 4096, 0, 4, sfixed32, GetArray
24081, 10, 4096, 0, 4, sfixed32, GetArray
24329, 10, 4096, 0, 4, sfixed32, GetArray
24607, 10, 8192, 0, 4, sfixed32, GetArray
24434, 10, 8192, 0, 4, sfixed32, GetArray
24243, 10, 8192, 0, 4, sfixed32, GetArray
24026, 10, 8192, 0, 4, sfixed32, GetArray
24659, 10, 16384, 0, 4, sfixed32, GetArray
24261, 10, 16384, 0, 4, sfixed32, GetArray
24279, 10, 16384, 0, 4, sfixed32, GetArray
24253, 10, 16384, 0, 4, sfixed32, GetArray
27526, 10, 32768, 0, 4, sfixed32, GetArray
26085, 10, 32768, 0, 4, sfixed32, GetArray
25765, 10, 32768, 0, 4, sfixed32, GetArray
25826, 10, 32768, 0, 4, sfixed32, GetArray
29862, 10, 65536, 0, 4, sfixed32, GetArray
27861, 10, 65536, 0, 4, sfixed32, GetArray
27894, 10, 65536, 0, 4, sfixed32, GetArray
28056, 10, 65536, 0, 4, sfixed32, GetArray
35456, 10, 131072, 0, 4, sfixed32, GetArray
31996, 10, 131072, 0, 4, sfixed32, GetArray
32288, 10, 131072, 0, 4, sfixed32, GetArray
33184, 10, 131072, 0, 4, sfixed32, GetArray
46519, 10, 262144, 0, 4, sfixed32, GetArray
40854, 10, 262144, 0, 4, sfixed32, GetArray
43829, 10, 262144, 0, 4, sfixed32, GetArray
45605, 10, 262144, 0, 4, sfixed32, GetArray
73432, 10, 524288, 0, 4, sfixed32, GetArray
64357, 10, 524288, 0, 4, sfixed32, GetArray
61847, 10, 524288, 0, 4, sfixed32, GetArray
66284, 10, 524288, 0, 4, sfixed32, GetArray
136011, 10, 1048576, 0, 4, sfixed32, GetArray
148703, 10, 1048576, 0, 4, sfixed32, GetArray
140230, 10, 1048576, 0, 4, sfixed32, GetArray
114319, 10, 1048576, 0, 4, sfixed32, GetArray
22057, 10, 1, 0, 4, sfixed32, GetArrayStreaming
22737, 10, 1, 0, 4, sfixed32, GetArrayStreaming
23161, 10, 1, 0, 4, sfixed32, GetArrayStreaming
23618, 10, 1, 0, 4, sfixed32, GetArrayStreaming
23723, 10, 2, 0, 4, sfixed32, GetArrayStreaming
23791, 10, 2, 0, 4, sfixed32, GetArrayStreaming
23629, 10, 2, 0, 4, sfixed32, GetArrayStreaming
23669, 10, 2, 0, 4, sfixed32, GetArrayStreaming
23656, 10, 4, 0, 4, sfixed32, GetArrayStreaming
23651, 10, 4, 0, 4, sfixed32, GetArrayStreaming
23647, 10, 4, 0, 4, sfixed32, GetArrayStreaming
23643, 10, 4, 0, 4, sfixed32, GetArrayStreaming
24073, 10, 8, 0, 4, sfixed32, GetArrayStreaming
24031, 10, 8, 0, 4, sfixed32, GetArrayStreaming
23990, 10, 8, 0, 4, sfixed32, GetArrayStreaming
24016, 10, 8, 0, 4, sfixed32, GetArrayStreaming
25004, 10, 16, 0, 4, sfixed32, GetArrayStreaming
24977, 10, 16, 0, 4, sfixed32, GetArrayStreaming
25145, 10, 16, 0, 4, sfixed32, GetArrayStreaming
24938, 10, 16, 0, 4, sfixed32, GetArrayStreaming
27047, 10, 32, 0, 4, sfixed32, GetArrayStreaming
26940, 10, 32, 0, 4, sfixed32, GetArrayStreaming
26651, 10, 32, 0, 4, sfixed32, GetArrayStreaming
28146, 10, 32, 0, 4, sfixed32, GetArrayStreaming
45767, 10, 64, 0, 4, sfixed32, GetArrayStreaming
45562, 10, 64, 0, 4, sfixed32, GetArrayStreaming
45779, 10, 64, 0, 4, sfixed32, GetArrayStreaming
46028, 10, 64, 0, 4, sfixed32, GetArrayStreaming
47046, 10, 128, 0, 4, sfixed32, GetArrayStreaming
47026, 10, 128, 0, 4, sfixed32, GetArrayStreaming
46657, 10, 128, 0, 4, sfixed32, GetArrayStreaming
46974, 10, 128, 0, 4, sfixed32, GetArrayStreaming
53700, 10, 256, 0, 4, sfixed32, GetArrayStreaming
52105, 10, 256, 0, 4, sfixed32, GetArrayStreaming
53572, 10, 256, 0, 4, sfixed32, GetArrayStreaming
53653, 10, 256, 0, 4, sfixed32, GetArrayStreaming
71557, 10, 512, 0, 4, sfixed32, GetArrayStreaming
70867, 10, 512, 0, 4, sfixed32, GetArrayStreaming
68477, 10, 512, 0, 4, sfixed32, GetArrayStreaming
73290, 10, 512, 0, 4, sfixed32, GetArrayStreaming
93303, 10, 1024, 0, 4, sfixed32, GetArrayStreaming
91400, 10, 1024, 0, 4, sfixed32, GetArrayStreaming
74758, 10, 1024, 0, 4, sfixed32, GetArrayStreaming
104206, 10, 1024, 0, 4, sfixed32, GetArrayStreaming
117248, 10, 2048, 0, 4, sfixed32, GetArrayStreaming
117212, 10, 2048, 0, 4, sfixed32, GetArrayStreaming
123452, 10, 2048, 0, 4, sfixed32, GetArrayStreaming
108499, 10, 2048, 0, 4, sfixed32, GetArrayStreaming
23326, 10, 1, 524288, 4, sfixed32, GetArrayChunked
23383, 10, 1, 524288, 4, sfixed32, GetArrayChunked
23383, 10, 1, 524288, 4, sfixed32, GetArrayChunked
23722, 10, 1, 524288, 4, sfixed32, GetArrayChunked
23726, 10, 2, 524288, 4, sfixed32, GetArrayChunked
23393, 10, 2, 524288, 4, sfixed32, GetArrayChunked
23347, 10, 2, 524288, 4, sfixed32, GetArrayChunked
23492, 10, 2, 524288, 4, sfixed32, GetArrayChunked
23289, 10, 4, 524288, 4, sfixed32, GetArrayChunked
23405, 10, 4, 524288, 4, sfixed32, GetArrayChunked
23190, 10, 4, 524288, 4, sfixed32, GetArrayChunked
22522, 10, 4, 524288, 4, sfixed32, GetArrayChunked
22665, 10, 8, 524288, 4, sfixed32, GetArrayChunked
22724, 10, 8, 524288, 4, sfixed32, GetArrayChunked
23031, 10, 8, 524288, 4, sfixed32, GetArrayChunked
23158, 10, 8, 524288, 4, sfixed32, GetArrayChunked
23330, 10, 16, 524288, 4, sfixed32, GetArrayChunked
23611, 10, 16, 524288, 4, sfixed32, GetArrayChunked
23797, 10, 16, 524288, 4, sfixed32, GetArrayChunked
23885, 10, 16, 524288, 4, sfixed32, GetArrayChunked
23775, 10, 32, 524288, 4, sfixed32, GetArrayChunked
23767, 10, 32, 524288, 4, sfixed32, GetArrayChunked
23662, 10, 32, 524288, 4, sfixed32, GetArrayChunked
24088, 10, 32, 524288, 4, sfixed32, GetArrayChunked
23703, 10, 64, 524288, 4, sfixed32, GetArrayChunked
23683, 10, 64, 524288, 4, sfixed32, GetArrayChunked
23801, 10, 64, 524288, 4, sfixed32, GetArrayChunked
23598, 10, 64, 524288, 4, sfixed32, GetArrayChunked
23693, 10, 128, 524288, 4, sfixed32, GetArrayChunked
23722, 10, 128, 524288, 4, sfixed32, GetArrayChunked
23681, 10, 128, 524288, 4, sfixed32, GetArrayChunked
23576, 10, 128, 524288, 4, sfixed32, GetArrayChunked
23618, 10, 256, 524288, 4, sfixed32, GetArrayChunked
23511, 10, 256, 524288, 4, sfixed32, GetArrayChunked
23574, 10, 256, 524288, 4, sfixed32, GetArrayChunked
23644, 10, 256, 524288, 4, sfixed32, GetArrayChunked
23639, 10, 512, 524288, 4, sfixed32, GetArrayChunked
23862, 10, 512, 524288, 4, sfixed32, GetArrayChunked
23768, 10, 512, 524288, 4, sfixed32, GetArrayChunked
23769, 10, 512, 524288, 4, sfixed32, GetArrayChunked
23778, 10, 1024, 524288, 4, sfixed32, GetArrayChunked
24003, 10, 1024, 524288, 4, sfixed32, GetArrayChunked
23902, 10, 1024, 524288, 4, sfixed32, GetArrayChunked
23843, 10, 1024, 524288, 4, sfixed32, GetArrayChunked
23701, 10, 2048, 524288, 4, sfixed32, GetArrayChunked
23877, 10, 2048, 524288, 4, sfixed32, GetArrayChunked
23951, 10, 2048, 524288, 4, sfixed32, GetArrayChunked
23858, 10, 2048, 524288, 4, sfixed32, GetArrayChunked
23931, 10, 4096, 524288, 4, sfixed32, GetArrayChunked
24089, 10, 4096, 524288, 4, sfixed32, GetArrayChunked
24014, 10, 4096, 524288, 4, sfixed32, GetArrayChunked
23692, 10, 4096, 524288, 4, sfixed32, GetArrayChunked
24289, 10, 8192, 524288, 4, sfixed32, GetArrayChunked
23963, 10, 8192, 524288, 4, sfixed32, GetArrayChunked
23964, 10, 8192, 524288, 4, sfixed32, GetArrayChunked
24228, 10, 8192, 524288, 4, sfixed32, GetArrayChunked
25243, 10, 16384, 524288, 4, sfixed32, GetArrayChunked
24631, 10, 16384, 524288, 4, sfixed32, GetArrayChunked
24602, 10, 16384, 524288, 4, sfixed32, GetArrayChunked
24492, 10, 16384, 524288, 4, sfixed32, GetArrayChunked
26537, 10, 32768, 524288, 4, sfixed32, GetArrayChunked
25263, 10, 32768, 524288, 4, sfixed32, GetArrayChunked
25178, 10, 32768, 524288, 4, sfixed32, GetArrayChunked
25143, 10, 32768, 524288, 4, sfixed32, GetArrayChunked
29072, 10, 65536, 524288, 4, sfixed32, GetArrayChunked
26680, 10, 65536, 524288, 4, sfixed32, GetArrayChunked
26586, 10, 65536, 524288, 4, sfixed32, GetArrayChunked
26797, 10, 65536, 524288, 4, sfixed32, GetArrayChunked
32210, 10, 131072, 524288, 4, sfixed32, GetArrayChunked
28306, 10, 131072, 524288, 4, sfixed32, GetArrayChunked
28434, 10, 131072, 524288, 4, sfixed32, GetArrayChunked
28471, 10, 131072, 524288, 4, sfixed32, GetArrayChunked
46673, 10, 262144, 524288, 4, sfixed32, GetArrayChunked
37648, 10, 262144, 524288, 4, sfixed32, GetArrayChunked
37200, 10, 262144, 524288, 4, sfixed32, GetArrayChunked
37261, 10, 262144, 524288, 4, sfixed32, GetArrayChunked
81982, 10, 524288, 524288, 4, sfixed32, GetArrayChunked
76388, 10, 524288, 524288, 4, sfixed32, GetArrayChunked
75917, 10, 524288, 524288, 4, sfixed32, GetArrayChunked
76787, 10, 524288, 524288, 4, sfixed32, GetArrayChunked
109565, 10, 1048576, 524288, 4, sfixed32, GetArrayChunked
86568, 10, 1048576, 524288, 4, sfixed32, GetArrayChunked
70231, 10, 1048576, 524288, 4, sfixed32, GetArrayChunked
89379, 10, 1048576, 524288, 4, sfixed32, GetArrayChunked
156129, 10, 2097152, 524288, 4, sfixed32, GetArrayChunked
139919, 10, 2097152, 524288, 4, sfixed32, GetArrayChunked
122438, 10, 2097152, 524288, 4, sfixed32, GetArrayChunked
128504, 10, 2097152, 524288, 4, sfixed32, GetArrayChunked
23362, 10, 1, 524288, 4, sfixed32, GetArrayBinaryChunked
23396, 10, 1, 524288, 4, sfixed32, GetArrayBinaryChunked
23703, 10, 1, 524288, 4, sfixed32, GetArrayBinaryChunked
23629, 10, 1, 524288, 4, sfixed32, GetArrayBinaryChunked
23676, 10, 2, 524288, 4, sfixed32, GetArrayBinaryChunked
23753, 10, 2, 524288, 4, sfixed32, GetArrayBinaryChunked
23803, 10, 2, 524288, 4, sfixed32, GetArrayBinaryChunked
23810, 10, 2, 524288, 4, sfixed32, GetArrayBinaryChunked
23750, 10, 4, 524288, 4, sfixed32, GetArrayBinaryChunked
23639, 10, 4, 524288, 4, sfixed32, GetArrayBinaryChunked
23687, 10, 4, 524288, 4, sfixed32, GetArrayBinaryChunked
23831, 10, 4, 524288, 4, sfixed32, GetArrayBinaryChunked
23596, 10, 8, 524288, 4, sfixed32, GetArrayBinaryChunked
23751, 10, 8, 524288, 4, sfixed32, GetArrayBinaryChunked
23681, 10, 8, 524288, 4, sfixed32, GetArrayBinaryChunked
23679, 10, 8, 524288, 4, sfixed32, GetArrayBinaryChunked
23720, 10, 16, 524288, 4, sfixed32, GetArrayBinaryChunked
23700, 10, 16, 524288, 4, sfixed32, GetArrayBinaryChunked
23695, 10, 16, 524288, 4, sfixed32, GetArrayBinaryChunked
23747, 10, 16, 524288, 4, sfixed32, GetArrayBinaryChunked
23682, 10, 32, 524288, 4, sfixed32, GetArrayBinaryChunked
23762, 10, 32, 524288, 4, sfixed32, GetArrayBinaryChunked
23752, 10, 32, 524288, 4, sfixed32, GetArrayBinaryChunked
23759, 10, 32, 524288, 4, sfixed32, GetArrayBinaryChunked
23597, 10, 64, 524288, 4, sfixed32, GetArrayBinaryChunked
23760, 10, 64, 524288, 4, sfixed32, GetArrayBinaryChunked
23772, 10, 64, 524288, 4, sfixed32, GetArrayBinaryChunked
23761, 10, 64, 524288, 4, sfixed32, GetArrayBinaryChunked
23752, 10, 128, 524288, 4, sfixed32, GetArrayBinaryChunked
23767, 10, 128, 524288, 4, sfixed32, GetArrayBinaryChunked
23783, 10, 128, 524288, 4, sfixed32, GetArrayBinaryChunked
23348, 10, 128, 524288, 4, sfixed32, GetArrayBinaryChunked
23024, 10, 256, 524288, 4, sfixed32, GetArrayBinaryChunked
23358, 10, 256, 524288, 4, sfixed32, GetArrayBinaryChunked
23439, 10, 256, 524288, 4, sfixed32, GetArrayBinaryChunked
23406, 10, 256, 524288, 4, sfixed32, GetArrayBinaryChunked
23496, 10, 512, 524288, 4, sfixed32, GetArrayBinaryChunked
23467, 10, 512, 524288, 4, sfixed32, GetArrayBinaryChunked
23515, 10, 512, 524288, 4, sfixed32, GetArrayBinaryChunked
23476, 10, 512, 524288, 4, sfixed32, GetArrayBinaryChunked
23528, 10, 1024, 524288, 4, sfixed32, GetArrayBinaryChunked
23523, 10, 1024, 524288, 4, sfixed32, GetArrayBinaryChunked
23475, 10, 1024, 524288, 4, sfixed32, GetArrayBinaryChunked
23477, 10, 1024, 524288, 4, sfixed32, GetArrayBinaryChunked
23552, 10, 2048, 524288, 4, sfixed32, GetArrayBinaryChunked
23880, 10, 2048, 524288, 4, sfixed32, GetArrayBinaryChunked
23752, 10, 2048, 524288, 4, sfixed32, GetArrayBinaryChunked
24077, 10, 2048, 524288, 4, sfixed32, GetArrayBinaryChunked
24096, 10, 4096, 524288, 4, sfixed32, GetArrayBinaryChunked
23826, 10, 4096, 524288, 4, sfixed32, GetArrayBinaryChunked
24001, 10, 4096, 524288, 4, sfixed32, GetArrayBinaryChunked
39999, 10, 4096, 524288, 4, sfixed32, GetArrayBinaryChunked
23977, 10, 8192, 524288, 4, sfixed32, GetArrayBinaryChunked
23747, 10, 8192, 524288, 4, sfixed32, GetArrayBinaryChunked
23704, 10, 8192, 524288, 4, sfixed32, GetArrayBinaryChunked
23721, 10, 8192, 524288, 4, sfixed32, GetArrayBinaryChunked
24771, 10, 16384, 524288, 4, sfixed32, GetArrayBinaryChunked
24405, 10, 16384, 524288, 4, sfixed32, GetArrayBinaryChunked
24577, 10, 16384, 524288, 4, sfixed32, GetArrayBinaryChunked
24545, 10, 16384, 524288, 4, sfixed32, GetArrayBinaryChunked
26247, 10, 32768, 524288, 4, sfixed32, GetArrayBinaryChunked
24838, 10, 32768, 524288, 4, sfixed32, GetArrayBinaryChunked
24879, 10, 32768, 524288, 4, sfixed32, GetArrayBinaryChunked
25083, 10, 32768, 524288, 4, sfixed32, GetArrayBinaryChunked
29204, 10, 65536, 524288, 4, sfixed32, GetArrayBinaryChunked
26597, 10, 65536, 524288, 4, sfixed32, GetArrayBinaryChunked
26602, 10, 65536, 524288, 4, sfixed32, GetArrayBinaryChunked
26511, 10, 65536, 524288, 4, sfixed32, GetArrayBinaryChunked
32800, 10, 131072, 524288, 4, sfixed32, GetArrayBinaryChunked
29094, 10, 131072, 524288, 4, sfixed32, GetArrayBinaryChunked
29381, 10, 131072, 524288, 4, sfixed32, GetArrayBinaryChunked
28937, 10, 131072, 524288, 4, sfixed32, GetArrayBinaryChunked
44608, 10, 262144, 524288, 4, sfixed32, GetArrayBinaryChunked
35656, 10, 262144, 524288, 4, sfixed32, GetArrayBinaryChunked
36297, 10, 262144, 524288, 4, sfixed32, GetArrayBinaryChunked
38039, 10, 262144, 524288, 4, sfixed32, GetArrayBinaryChunked
65283, 10, 524288, 524288, 4, sfixed32, GetArrayBinaryChunked
54766, 10, 524288, 524288, 4, sfixed32, GetArrayBinaryChunked
59049, 10, 524288, 524288, 4, sfixed32, GetArrayBinaryChunked
53693, 10, 524288, 524288, 4, sfixed32, GetArrayBinaryChunked
88239, 10, 1048576, 524288, 4, sfixed32, GetArrayBinaryChunked
108966, 10, 1048576, 524288, 4, sfixed32, GetArrayBinaryChunked
96716, 10, 1048576, 524288, 4, sfixed32, GetArrayBinaryChunked
81466, 10, 1048576, 524288, 4, sfixed32, GetArrayBinaryChunked
166607, 10, 2097152, 524288, 4, sfixed32, GetArrayBinaryChunked
153662, 10, 2097152, 524288, 4, sfixed32, GetArrayBinaryChunked
113739, 10, 2097152, 524288, 4, sfixed32, GetArrayBinaryChunked
111940, 10, 2097152, 524288, 4, sfixed32, GetArrayBinaryChunked
22599, 10, 1, 0, 8, sfixed64, GetArray
23664, 10, 1, 0, 8, sfixed64, GetArray
24210, 10, 1, 0, 8, sfixed64, GetArray
23044, 10, 1, 0, 8, sfixed64, GetArray
23318, 10, 2, 0, 8, sfixed64, GetArray
23665, 10, 2, 0, 8, sfixed64, GetArray
23405, 10, 2, 0, 8, sfixed64, GetArray
23409, 10, 2, 0, 8, sfixed64, GetArray
23648, 10, 4, 0, 8, sfixed64, GetArray
23644, 10, 4, 0, 8, sfixed64, GetArray
23605, 10, 4, 0, 8, sfixed64, GetArray
23643, 10, 4, 0, 8, sfixed64, GetArray
23709, 10, 8, 0, 8, sfixed64, GetArray
23702, 10, 8, 0, 8, sfixed64, GetArray
23797, 10, 8, 0, 8, sfixed64, GetArray
23735, 10, 8, 0, 8, sfixed64, GetArray
23830, 10, 16, 0, 8, sfixed64, GetArray
23721, 10, 16, 0, 8, sfixed64, GetArray
23799, 10, 16, 0, 8, sfixed64, GetArray
23829, 10, 16, 0, 8, sfixed64, GetArray
23999, 10, 32, 0, 8, sfixed64, GetArray
23908, 10, 32, 0, 8, sfixed64, GetArray
23868, 10, 32, 0, 8, sfixed64, GetArray
23835, 10, 32, 0, 8, sfixed64, GetArray
23811, 10, 64, 0, 8, sfixed64, GetArray
23990, 10, 64, 0, 8, sfixed64, GetArray
23822, 10, 64, 0, 8, sfixed64, GetArray
23788, 10, 64, 0, 8, sfixed64, GetArray
23908, 10, 128, 0, 8, sfixed64, GetArray
23838, 10, 128, 0, 8, sfixed64, GetArray
23705, 10, 128, 0, 8, sfixed64, GetArray
23608, 10, 128, 0, 8, sfixed64, GetArray
23692, 10, 256, 0, 8, sfixed64, GetArray
23823, 10, 256, 0, 8, sfixed64, GetArray
23857, 10, 256, 0, 8, sfixed64, GetArray
23823, 10, 256, 0, 8, sfixed64, GetArray
23651, 10, 512, 0, 8, sfixed64, GetArray
23690, 10, 512, 0, 8, sfixed64, GetArray
23636, 10, 512, 0, 8, sfixed64, GetArray
23724, 10, 512, 0, 8, sfixed64, GetArray
23815, 10, 1024, 0, 8, sfixed64, GetArray
23855, 10, 1024, 0, 8, sfixed64, GetArray
23811, 10, 1024, 0, 8, sfixed64, GetArray
23799, 10, 1024, 0, 8, sfixed64, GetArray
23950, 10, 2048, 0, 8, sfixed64, GetArray
24097, 10, 2048, 0, 8, sfixed64, GetArray
24085, 10, 2048, 0, 8, sfixed64, GetArray
24151, 10, 2048, 0, 8, sfixed64, GetArray
24437, 10, 4096, 0, 8, sfixed64, GetArray
24382, 10, 4096, 0, 8, sfixed64, GetArray
24455, 10, 4096, 0, 8, sfixed64, GetArray
43439, 10, 4096, 0, 8, sfixed64, GetArray
24634, 10, 8192, 0, 8, sfixed64, GetArray
24206, 10, 8192, 0, 8, sfixed64, GetArray
24131, 10, 8192, 0, 8, sfixed64, GetArray
24272, 10, 8192, 0, 8, sfixed64, GetArray
25834, 10, 16384, 0, 8, sfixed64, GetArray
24958, 10, 16384, 0, 8, sfixed64, GetArray
24813, 10, 16384, 0, 8, sfixed64, GetArray
24895, 10, 16384, 0, 8, sfixed64, GetArray
28404, 10, 32768, 0, 8, sfixed64, GetArray
26304, 10, 32768, 0, 8, sfixed64, GetArray
26127, 10, 32768, 0, 8, sfixed64, GetArray
26235, 10, 32768, 0, 8, sfixed64, GetArray
34876, 10, 65536, 0, 8, sfixed64, GetArray
31735, 10, 65536, 0, 8, sfixed64, GetArray
30705, 10, 65536, 0, 8, sfixed64, GetArray
30616, 10, 65536, 0, 8, sfixed64, GetArray
43401, 10, 131072, 0, 8, sfixed64, GetArray
38767, 10, 131072, 0, 8, sfixed64, GetArray
38728, 10, 131072, 0, 8, sfixed64, GetArray
38537, 10, 131072, 0, 8, sfixed64, GetArray
64488, 10, 262144, 0, 8, sfixed64, GetArray
56826, 10, 262144, 0, 8, sfixed64, GetArray
55872, 10, 262144, 0, 8, sfixed64, GetArray
54965, 10, 262144, 0, 8, sfixed64, GetArray
108269, 10, 524288, 0, 8, sfixed64, GetArray
104238, 10, 524288, 0, 8, sfixed64, GetArray
147693, 10, 524288, 0, 8, sfixed64, GetArray
109303, 10, 524288, 0, 8, sfixed64, GetArray
21996, 10, 1, 0, 8, sfixed64, GetArrayStreaming
23361, 10, 1, 0, 8, sfixed64, GetArrayStreaming
23304, 10, 1, 0, 8, sfixed64, GetArrayStreaming
23281, 10, 1, 0, 8, sfixed64, GetArrayStreaming
23440, 10, 2, 0, 8, sfixed64, GetArrayStreaming
23454, 10, 2, 0, 8, sfixed64, GetArrayStreaming
24272, 10, 2, 0, 8, sfixed64, GetArrayStreaming
23113, 10, 2, 0, 8, sfixed64, GetArrayStreaming
23664, 10, 4, 0, 8, sfixed64, GetArrayStreaming
23674, 10, 4, 0, 8, sfixed64, GetArrayStreaming
23766, 10, 4, 0, 8, sfixed64, GetArrayStreaming
23883, 10, 4, 0, 8, sfixed64, GetArrayStreaming
24346, 10, 8, 0, 8, sfixed64, GetArrayStreaming
24321, 10, 8, 0, 8, sfixed64, GetArrayStreaming
24292, 10, 8, 0, 8, sfixed64, GetArrayStreaming
24385, 10, 8, 0, 8, sfixed64, GetArrayStreaming
25573, 10, 16, 0, 8, sfixed64, GetArrayStreaming
25445, 10, 16, 0, 8, sfixed64, GetArrayStreaming
25391, 10, 16, 0, 8, sfixed64, GetArrayStreaming
25461, 10, 16, 0, 8, sfixed64, GetArrayStreaming
27467, 10, 32, 0, 8, sfixed64, GetArrayStreaming
27355, 10, 32, 0, 8, sfixed64, GetArrayStreaming
27080, 10, 32, 0, 8, sfixed64, GetArrayStreaming
27084, 10, 32, 0, 8, sfixed64, GetArrayStreaming
44863, 10, 64, 0, 8, sfixed64, GetArrayStreaming
45021, 10, 64, 0, 8, sfixed64, GetArrayStreaming
44841, 10, 64, 0, 8, sfixed64, GetArrayStreaming
44894, 10, 64, 0, 8, sfixed64, GetArrayStreaming
47358, 10, 128, 0, 8, sfixed64, GetArrayStreaming
47774, 10, 128, 0, 8, sfixed64, GetArrayStreaming
47776, 10, 128, 0, 8, sfixed64, GetArrayStreaming
47802, 10, 128, 0, 8, sfixed64, GetArrayStreaming
57958, 10, 256, 0, 8, sfixed64, GetArrayStreaming
67963, 10, 256, 0, 8, sfixed64, GetArrayStreaming
57844, 10, 256, 0, 8, sfixed64, GetArrayStreaming
58278, 10, 256, 0, 8, sfixed64, GetArrayStreaming
77553, 10, 512, 0, 8, sfixed64, GetArrayStreaming
75042, 10, 512, 0, 8, sfixed64, GetArrayStreaming
68014, 10, 512, 0, 8, sfixed64, GetArrayStreaming
74463, 10, 512, 0, 8, sfixed64, GetArrayStreaming
98761, 10, 1024, 0, 8, sfixed64, GetArrayStreaming
73385, 10, 1024, 0, 8, sfixed64, GetArrayStreaming
82231, 10, 1024, 0, 8, sfixed64, GetArrayStreaming
73731, 10, 1024, 0, 8, sfixed64, GetArrayStreaming
115197, 10, 2048, 0, 8, sfixed64, GetArrayStreaming
105266, 10, 2048, 0, 8, sfixed64, GetArrayStreaming
136381, 10, 2048, 0, 8, sfixed64, GetArrayStreaming
121547, 10, 2048, 0, 8, sfixed64, GetArrayStreaming
23672, 10, 1, 524288, 8, sfixed64, GetArrayChunked
23594, 10, 1, 524288, 8, sfixed64, GetArrayChunked
23476, 10, 1, 524288, 8, sfixed64, GetArrayChunked
23637, 10, 1, 524288, 8, sfixed64, GetArrayChunked
23565, 10, 2, 524288, 8, sfixed64, GetArrayChunked
23547, 10, 2, 524288, 8, sfixed64, GetArrayChunked
23483, 10, 2, 524288, 8, sfixed64, GetArrayChunked
23661, 10, 2, 524288, 8, sfixed64, GetArrayChunked
23802, 10, 4, 524288, 8, sfixed64, GetArrayChunked
23795, 10, 4, 524288, 8, sfixed64, GetArrayChunked
23815, 10, 4, 524288, 8, sfixed64, GetArrayChunked
23711, 10, 4, 524288, 8, sfixed64, GetArrayChunked
23695, 10, 8, 524288, 8, sfixed64, GetArrayChunked
23751, 10, 8, 524288, 8, sfixed64, GetArrayChunked
23570, 10, 8, 524288, 8, sfixed64, GetArrayChunked
23655, 10, 8, 524288, 8, sfixed64, GetArrayChunked
23622, 10, 16, 524288, 8, sfixed64, GetArrayChunked
23631, 10, 16, 524288, 8, sfixed64, GetArrayChunked
23640, 10, 16, 524288, 8, sfixed64, GetArrayChunked
23653, 10, 16, 524288, 8, sfixed64, GetArrayChunked
23877, 10, 32, 524288, 8, sfixed64, GetArrayChunked
23638, 10, 32, 524288, 8, sfixed64, GetArrayChunked
23644, 10, 32, 524288, 8, sfixed64, GetArrayChunked
23631, 10, 32, 524288, 8, sfixed64, GetArrayChunked
23685, 10, 64, 524288, 8, sfixed64, GetArrayChunked
23711, 10, 64, 524288, 8, sfixed64, GetArrayChunked
23619, 10, 64, 524288, 8, sfixed64, GetArrayChunked
23729, 10, 64, 524288, 8, sfixed64, GetArrayChunked
23546, 10, 128, 524288, 8, sfixed64, GetArrayChunked
23700, 10, 128, 524288, 8, sfixed64, GetArrayChunked
23729, 10, 128, 524288, 8, sfixed64, GetArrayChunked
23596, 10, 128, 524288, 8, sfixed64, GetArrayChunked
23708, 10, 256, 524288, 8, sfixed64, GetArrayChunked
24602, 10, 256, 524288, 8, sfixed64, GetArrayChunked
23834, 10, 256, 524288, 8, sfixed64, GetArrayChunked
23859, 10, 256, 524288, 8, sfixed64, GetArrayChunked
23937, 10, 512, 524288, 8, sfixed64, GetArrayChunked
23901, 10, 512, 524288, 8, sfixed64, GetArrayChunked
23769, 10, 512, 524288, 8, sfixed64, GetArrayChunked
23873, 10, 512, 524288, 8, sfixed64, GetArrayChunked
24007, 10, 1024, 524288, 8, sfixed64, GetArrayChunked
23931, 10, 1024, 524288, 8, sfixed64, GetArrayChunked
23958, 10, 1024, 524288, 8, sfixed64, GetArrayChunked
23893, 10, 1024, 524288, 8, sfixed64, GetArrayChunked
24193, 10, 2048, 524288, 8, sfixed64, GetArrayChunked
24060, 10, 2048, 524288, 8, sfixed64, GetArrayChunked
24070, 10, 2048, 524288, 8, sfixed64, GetArrayChunked
23764, 10, 2048, 524288, 8, sfixed64, GetArrayChunked
24547, 10, 4096, 524288, 8, sfixed64, GetArrayChunked
24037, 10, 4096, 524288, 8, sfixed64, GetArrayChunked
23942, 10, 4096, 524288, 8, sfixed64, GetArrayChunked
23959, 10, 4096, 524288, 8, sfixed64, GetArrayChunked
25607, 10, 8192, 524288, 8, sfixed64, GetArrayChunked
24568, 10, 8192, 524288, 8, sfixed64, GetArrayChunked
24584, 10, 8192, 524288, 8, sfixed64, GetArrayChunked
24542, 10, 8192, 524288, 8, sfixed64, GetArrayChunked
26689, 10, 16384, 524288, 8, sfixed64, GetArrayChunked
25152, 10, 16384, 524288, 8, sfixed64, GetArrayChunked
25718, 10, 16384, 524288, 8, sfixed64, GetArrayChunked
25115, 10, 16384, 524288, 8, sfixed64, GetArrayChunked
29504, 10, 32768, 524288, 8, sfixed64, GetArrayChunked
26556, 10, 32768, 524288, 8, sfixed64, GetArrayChunked
26647, 10, 32768, 524288, 8, sfixed64, GetArrayChunked
26802, 10, 32768, 524288, 8, sfixed64, GetArrayChunked
33831, 10, 65536, 524288, 8, sfixed64, GetArrayChunked
29556, 10, 65536, 524288, 8, sfixed64, GetArrayChunked
29465, 10, 65536, 524288, 8, sfixed64, GetArrayChunked
29610, 10, 65536, 524288, 8, sfixed64, GetArrayChunked
45726, 10, 131072, 524288, 8, sfixed64, GetArrayChunked
38442, 10, 131072, 524288, 8, sfixed64, GetArrayChunked
37927, 10, 131072, 524288, 8, sfixed64, GetArrayChunked
37192, 10, 131072, 524288, 8, sfixed64, GetArrayChunked
72460, 10, 262144, 524288, 8, sfixed64, GetArrayChunked
61520, 10, 262144, 524288, 8, sfixed64, GetArrayChunked
55138, 10, 262144, 524288, 8, sfixed64, GetArrayChunked
52225, 10, 262144, 524288, 8, sfixed64, GetArrayChunked
109217, 10, 524288, 524288, 8, sfixed64, GetArrayChunked
121742, 10, 524288, 524288, 8, sfixed64, GetArrayChunked
127535, 10, 524288, 524288, 8, sfixed64, GetArrayChunked
117138, 10, 524288, 524288, 8, sfixed64, GetArrayChunked
22503, 10, 1, 524288, 8, sfixed64, GetArrayBinaryChunked
23216, 10, 1, 524288, 8, sfixed64, GetArrayBinaryChunked
24293, 10, 1, 524288, 8, sfixed64, GetArrayBinaryChunked
23667, 10, 1, 524288, 8, sfixed64, GetArrayBinaryChunked
23669, 10, 2, 524288, 8, sfixed64, GetArrayBinaryChunked
23774, 10, 2, 524288, 8, sfixed64, GetArrayBinaryChunked
23673, 10, 2, 524288, 8, sfixed64, GetArrayBinaryChunked
23713, 10, 2, 524288, 8, sfixed64, GetArrayBinaryChunked
23796, 10, 4, 524288, 8, sfixed64, GetArrayBinaryChunked
23531, 10, 4, 524288, 8, sfixed64, GetArrayBinaryChunked
23427, 10, 4, 524288, 8, sfixed64, GetArrayBinaryChunked
23366, 10, 4, 524288, 8, sfixed64, GetArrayBinaryChunked
23417, 10, 8, 524288, 8, sfixed64, GetArrayBinaryChunked
23433, 10, 8, 524288, 8, sfixed64, GetArrayBinaryChunked
23389, 10, 8, 524288, 8, sfixed64, GetArrayBinaryChunked
23387, 10, 8, 524288, 8, sfixed64, GetArrayBinaryChunked
23474, 10, 16, 524288, 8, sfixed64, GetArrayBinaryChunked
23482, 10, 16, 524288, 8, sfixed64, GetArrayBinaryChunked
23446, 10, 16, 524288, 8, sfixed64, GetArrayBinaryChunked
23794, 10, 16, 524288, 8, sfixed64, GetArrayBinaryChunked
23791, 10, 32, 524288, 8, sfixed64, GetArrayBinaryChunked
23767, 10, 32, 524288, 8, sfixed64, GetArrayBinaryChunked
23731, 10, 32, 524288, 8, sfixed64, GetArrayBinaryChunked
23861, 10, 32, 524288, 8, sfixed64, GetArrayBinaryChunked
23793, 10, 64, 524288, 8, sfixed64, GetArrayBinaryChunked
23821, 10, 64, 524288, 8, sfixed64, GetArrayBinaryChunked
23694, 10, 64, 524288, 8, sfixed64, GetArrayBinaryChunked
23689, 10, 64, 524288, 8, sfixed64, GetArrayBinaryChunked
23722, 10, 128, 524288, 8, sfixed64, GetArrayBinaryChunked
23769, 10, 128, 524288, 8, sfixed64, GetArrayBinaryChunked
23745, 10, 128, 524288, 8, sfixed64, GetArrayBinaryChunked
23710, 10, 128, 524288, 8, sfixed64, GetArrayBinaryChunked
23825, 10, 256, 524288, 8, sfixed64, GetArrayBinaryChunked
23928, 10, 256, 524288, 8, sfixed64, GetArrayBinaryChunked
23989, 10, 256, 524288, 8, sfixed64, GetArrayBinaryChunked
23862, 10, 256, 524288, 8, sfixed64, GetArrayBinaryChunked
23957, 10, 512, 524288, 8, sfixed64, GetArrayBinaryChunked
38228, 10, 512, 524288, 8, sfixed64, GetArrayBinaryChunked
23702, 10, 512, 524288, 8, sfixed64, GetArrayBinaryChunked
23695, 10, 512, 524288, 8, sfixed64, GetArrayBinaryChunked
23771, 10, 1024, 524288, 8, sfixed64, GetArrayBinaryChunked
23667, 10, 1024, 524288, 8, sfixed64, GetArrayBinaryChunked
23949, 10, 1024, 524288, 8, sfixed64, GetArrayBinaryChunked
23980, 10, 1024, 524288, 8, sfixed64, GetArrayBinaryChunked
24282, 10, 2048, 524288, 8, sfixed64, GetArrayBinaryChunked
23945, 10, 2048, 524288, 8, sfixed64, GetArrayBinaryChunked
23995, 10, 2048, 524288, 8, sfixed64, GetArrayBinaryChunked
23951, 10, 2048, 524288, 8, sfixed64, GetArrayBinaryChunked
24614, 10, 4096, 524288, 8, sfixed64, GetArrayBinaryChunked
23940, 10, 4096, 524288, 8, sfixed64, GetArrayBinaryChunked
24076, 10, 4096, 524288, 8, sfixed64, GetArrayBinaryChunked
24001, 10, 4096, 524288, 8, sfixed64, GetArrayBinaryChunked
24980, 10, 8192, 524288, 8, sfixed64, GetArrayBinaryChunked
24323, 10, 8192, 524288, 8, sfixed64, GetArrayBinaryChunked
24437, 10, 8192, 524288, 8, sfixed64, GetArrayBinaryChunked
24243, 10, 8192, 524288, 8, sfixed64, GetArrayBinaryChunked
26166, 10, 16384, 524288, 8, sfixed64, GetArrayBinaryChunked
24955, 10, 16384, 524288, 8, sfixed64, GetArrayBinaryChunked
24915, 10, 16384, 524288, 8, sfixed64, GetArrayBinaryChunked
25034, 10, 16384, 524288, 8, sfixed64, GetArrayBinaryChunked
28532, 10, 32768, 524288, 8, sfixed64, GetArrayBinaryChunked
26325, 10, 32768, 524288, 8, sfixed64, GetArrayBinaryChunked
26428, 10, 32768, 524288, 8, sfixed64, GetArrayBinaryChunked
26445, 10, 32768, 524288, 8, sfixed64, GetArrayBinaryChunked
32565, 10, 65536, 524288, 8, sfixed64, GetArrayBinaryChunked
30250, 10, 65536, 524288, 8, sfixed64, GetArrayBinaryChunked
27701, 10, 65536, 524288, 8, sfixed64, GetArrayBinaryChunked
27787, 10, 65536, 524288, 8, sfixed64, GetArrayBinaryChunked
39995, 10, 131072, 524288, 8, sfixed64, GetArrayBinaryChunked
35834, 10, 131072, 524288, 8, sfixed64, GetArrayBinaryChunked
34388, 10, 131072, 524288, 8, sfixed64, GetArrayBinaryChunked
34352, 10, 131072, 524288, 8, sfixed64, GetArrayBinaryChunked
61145, 10, 262144, 524288, 8, sfixed64, GetArrayBinaryChunked
66092, 10, 262144, 524288, 8, sfixed64, GetArrayBinaryChunked
43648, 10, 262144, 524288, 8, sfixed64, GetArrayBinaryChunked
43440, 10, 262144, 524288, 8, sfixed64, GetArrayBinaryChunked
102373, 10, 524288, 524288, 8, sfixed64, GetArrayBinaryChunked
117684, 10, 524288, 524288, 8, sfixed64, GetArrayBinaryChunked
106065, 10, 524288, 524288, 8, sfixed64, GetArrayBinaryChunked
111972, 10, 524288, 524288, 8, sfixed64, GetArrayBinaryChunked
